Yas,Gelir,Vade,Kriz_Tepkisi,Risk_Profili
56,46000,medium,sell,Defansif
69,78000,long,sell,Dengeli
46,17000,long,hold,Dengeli
32,32000,short,sell,Defansif
60,34000,long,buy,Agresif
25,49000,medium,sell,Defansif
38,62000,medium,hold,Agresif
56,44000,short,hold,Dengeli
75,27000,short,sell,Defansif
36,74000,medium,hold,Agresif
40,44000,medium,sell,Defansif
28,52000,short,hold,Dengeli
28,63000,medium,sell,Dengeli
41,50000,long,buy,Agresif
70,51000,long,buy,Agresif
53,75000,long,sell,Dengeli
57,53000,medium,sell,Defansif
41,71000,medium,hold,Agresif
20,63000,long,sell,Agresif
39,100000,medium,buy,Agresif
70,60000,short,hold,Defansif
19,65000,medium,hold,Agresif
41,77000,medium,buy,Agresif
61,51000,medium,hold,Dengeli
47,34000,medium,buy,Agresif
55,38000,medium,buy,Dengeli
19,38000,short,sell,Dengeli
38,26000,medium,sell,Defansif
50,57000,medium,buy,Agresif
29,34000,medium,buy,Agresif
75,54000,short,sell,Defansif
39,46000,medium,buy,Agresif
61,48000,medium,hold,Defansif
42,63000,medium,sell,Defansif
66,36000,medium,buy,Dengeli
44,65000,medium,sell,Defansif
59,89000,long,buy,Agresif
45,58000,medium,sell,Defansif
33,30000,medium,hold,Dengeli
32,34000,medium,sell,Defansif
64,43000,medium,hold,Defansif
68,35000,medium,hold,Defansif
61,25000,medium,sell,Defansif
72,53000,long,hold,Dengeli
69,44000,medium,hold,Defansif
74,54000,short,sell,Defansif
20,79000,medium,buy,Agresif
54,44000,long,sell,Dengeli
68,20000,short,hold,Defansif
24,40000,long,hold,Agresif
38,69000,medium,hold,Agresif
26,66000,long,sell,Agresif
56,62000,long,hold,Agresif
35,34000,medium,hold,Dengeli
21,68000,short,hold,Agresif
42,74000,short,buy,Agresif
31,32000,short,hold,Dengeli
67,48000,long,sell,Dengeli
75,100000,medium,sell,Defansif
26,31000,medium,sell,Defansif
43,17000,medium,sell,Defansif
70,84000,long,hold,Dengeli
19,78000,short,sell,Dengeli
37,38000,short,sell,Defansif
45,47000,short,sell,Defansif
64,19000,long,sell,Defansif
24,52000,medium,sell,Agresif
61,79000,medium,sell,Defansif
25,36000,short,hold,Dengeli
64,71000,medium,hold,Dengeli
52,61000,short,sell,Defansif
31,64000,long,hold,Agresif
34,37000,long,sell,Dengeli
53,41000,medium,sell,Defansif
67,17000,long,sell,Defansif
57,35000,short,hold,Defansif
21,79000,long,hold,Agresif
19,26000,long,sell,Agresif
23,30000,medium,sell,Defansif
71,66000,long,buy,Dengeli
59,60000,medium,sell,Defansif
21,67000,medium,sell,Dengeli
71,20000,short,buy,Dengeli
46,114000,medium,buy,Agresif
35,19000,long,hold,Dengeli
43,53000,long,hold,Agresif
61,46000,medium,sell,Defansif
51,20000,long,sell,Defansif
27,40000,long,hold,Agresif
53,50000,short,sell,Defansif
31,33000,medium,hold,Dengeli
48,73000,short,buy,Dengeli
65,45000,medium,buy,Agresif
32,17000,long,sell,Dengeli
25,17000,short,hold,Dengeli
31,65000,long,hold,Agresif
40,17000,medium,buy,Dengeli
74,57000,medium,sell,Defansif
57,61000,medium,sell,Defansif
38,25000,medium,sell,Defansif
33,72000,short,sell,Defansif
62,17000,short,sell,Defansif
35,57000,short,hold,Dengeli
64,48000,medium,hold,Defansif
70,47000,short,sell,Defansif
41,20000,long,hold,Dengeli
43,26000,medium,sell,Defansif
42,90000,medium,buy,Agresif
62,80000,medium,buy,Agresif
58,68000,medium,buy,Agresif
46,73000,long,buy,Agresif
32,71000,short,sell,Defansif
62,41000,medium,sell,Defansif
18,51000,long,hold,Agresif
42,17000,short,buy,Defansif
24,47000,short,sell,Defansif
26,79000,medium,sell,Agresif
41,33000,short,buy,Agresif
18,75000,medium,sell,Dengeli
61,52000,short,hold,Defansif
25,17000,long,hold,Agresif
41,22000,long,sell,Dengeli
28,72000,medium,sell,Agresif
68,63000,medium,hold,Dengeli
34,52000,long,hold,Agresif
25,43000,short,buy,Agresif
52,55000,long,sell,Defansif
52,72000,long,sell,Defansif
50,86000,long,hold,Agresif
22,88000,medium,hold,Agresif
59,59000,short,sell,Defansif
56,45000,medium,hold,Dengeli
75,53000,long,sell,Defansif
58,63000,short,sell,Defansif
45,62000,long,sell,Defansif
24,82000,short,hold,Dengeli
26,102000,short,hold,Agresif
25,44000,short,hold,Dengeli
29,103000,short,hold,Agresif
51,79000,medium,buy,Agresif
50,47000,short,sell,Defansif
65,87000,long,sell,Dengeli
72,92000,medium,sell,Defansif
40,38000,short,sell,Defansif
41,93000,medium,hold,Agresif
54,76000,long,hold,Agresif
52,109000,long,hold,Agresif
61,39000,short,sell,Defansif
57,41000,long,sell,Defansif
39,17000,long,hold,Agresif
44,64000,short,sell,Defansif
52,59000,short,hold,Dengeli
18,35000,medium,buy,Agresif
52,47000,short,hold,Defansif
54,17000,long,hold,Dengeli
64,79000,medium,hold,Dengeli
31,37000,long,sell,Defansif
20,127000,medium,hold,Agresif
18,45000,short,sell,Defansif
22,31000,short,sell,Defansif
43,39000,medium,hold,Agresif
72,17000,long,buy,Agresif
31,62000,long,sell,Dengeli
56,39000,medium,hold,Dengeli
44,78000,short,buy,Agresif
26,43000,short,buy,Agresif
32,84000,medium,hold,Agresif
32,68000,short,sell,Defansif
43,50000,medium,buy,Agresif
59,89000,medium,sell,Defansif
30,73000,long,hold,Agresif
68,123000,medium,sell,Defansif
49,39000,short,hold,Defansif
56,51000,medium,sell,Defansif
66,89000,medium,hold,Dengeli
69,17000,medium,sell,Defansif
49,82000,long,sell,Dengeli
21,60000,long,hold,Agresif
47,27000,short,buy,Dengeli
54,17000,short,buy,Dengeli
40,33000,medium,sell,Dengeli
56,17000,long,hold,Dengeli
62,37000,short,hold,Defansif
32,65000,medium,sell,Dengeli
60,38000,medium,sell,Defansif
46,84000,short,hold,Agresif
53,91000,medium,buy,Agresif
30,81000,long,hold,Agresif
49,55000,short,hold,Defansif
24,17000,medium,hold,Dengeli
68,32000,medium,sell,Defansif
39,46000,long,hold,Agresif
45,27000,long,hold,Dengeli
19,46000,medium,sell,Dengeli
59,90000,long,buy,Agresif
62,17000,medium,sell,Defansif
74,95000,medium,buy,Agresif
70,72000,medium,hold,Dengeli
23,56000,short,sell,Defansif
45,32000,medium,hold,Agresif
45,28000,medium,hold,Dengeli
61,17000,short,sell,Defansif
61,92000,long,hold,Agresif
37,88000,short,hold,Agresif
47,17000,short,hold,Dengeli
28,36000,medium,sell,Defansif
75,60000,long,hold,Dengeli
72,42000,short,sell,Defansif
45,17000,medium,hold,Defansif
42,33000,long,sell,Defansif
56,98000,medium,buy,Agresif
50,35000,medium,hold,Dengeli
18,45000,long,hold,Agresif
74,21000,short,hold,Defansif
44,64000,medium,sell,Dengeli
74,52000,medium,sell,Defansif
69,31000,medium,buy,Dengeli
30,17000,medium,buy,Agresif
58,85000,short,sell,Defansif
20,17000,medium,hold,Dengeli
56,62000,short,hold,Defansif
23,17000,long,hold,Agresif
25,67000,medium,sell,Dengeli
44,74000,medium,sell,Dengeli
26,77000,long,sell,Agresif
54,45000,medium,buy,Agresif
50,89000,short,hold,Dengeli
68,107000,long,hold,Agresif
59,41000,short,buy,Dengeli
61,38000,short,hold,Defansif
41,53000,long,buy,Agresif
32,38000,medium,hold,Agresif
71,34000,medium,sell,Defansif
49,36000,short,buy,Agresif
49,92000,medium,hold,Agresif
41,69000,medium,sell,Dengeli
58,37000,long,sell,Defansif
69,17000,short,sell,Defansif
66,17000,long,hold,Defansif
66,62000,medium,buy,Dengeli
75,17000,long,buy,Agresif
69,57000,long,buy,Agresif
29,23000,medium,sell,Defansif
56,52000,medium,hold,Agresif
19,51000,short,sell,Defansif
20,53000,short,buy,Agresif
66,40000,long,hold,Dengeli
54,39000,long,hold,Dengeli
66,31000,medium,hold,Dengeli
73,62000,short,hold,Defansif
34,70000,medium,sell,Dengeli
66,19000,medium,buy,Dengeli
19,48000,medium,buy,Agresif
19,54000,long,sell,Agresif
45,54000,long,hold,Agresif
71,54000,short,buy,Dengeli
40,39000,medium,sell,Defansif
54,56000,medium,hold,Dengeli
49,65000,medium,sell,Dengeli
50,53000,short,hold,Defansif
18,62000,short,sell,Defansif
36,74000,long,hold,Agresif
19,17000,medium,sell,Defansif
70,73000,medium,hold,Defansif
61,58000,long,buy,Agresif
43,22000,long,buy,Agresif
49,70000,short,buy,Agresif
23,40000,medium,hold,Agresif
49,43000,medium,sell,Defansif
72,37000,long,sell,Defansif
21,57000,long,buy,Agresif
72,30000,medium,hold,Defansif
28,72000,medium,sell,Dengeli
73,46000,long,hold,Dengeli
34,40000,short,sell,Defansif
55,68000,short,sell,Defansif
41,42000,medium,buy,Agresif
22,73000,short,buy,Agresif
69,74000,short,hold,Dengeli
51,17000,long,buy,Dengeli
23,77000,long,hold,Agresif
39,17000,medium,hold,Dengeli
28,79000,medium,sell,Dengeli
65,100000,medium,sell,Dengeli
33,71000,medium,hold,Agresif
50,17000,short,buy,Dengeli
26,76000,long,hold,Agresif
23,106000,short,sell,Dengeli
33,42000,medium,sell,Defansif
46,49000,short,buy,Agresif
20,20000,long,sell,Dengeli
37,57000,long,hold,Agresif
53,81000,long,sell,Dengeli
36,67000,long,sell,Dengeli
43,128000,medium,hold,Agresif
20,50000,short,hold,Dengeli
36,17000,medium,sell,Defansif
37,54000,medium,sell,Dengeli
49,17000,medium,buy,Agresif
24,36000,short,sell,Defansif
69,90000,short,hold,Defansif
58,58000,medium,buy,Agresif
50,54000,medium,sell,Defansif
57,95000,long,buy,Agresif
56,43000,short,sell,Defansif
35,81000,medium,hold,Agresif
57,53000,short,hold,Defansif
18,59000,short,buy,Agresif
28,19000,medium,sell,Defansif
45,37000,short,hold,Dengeli
74,17000,short,buy,Defansif
42,47000,medium,hold,Dengeli
67,59000,medium,hold,Defansif
40,22000,short,sell,Defansif
48,101000,short,hold,Dengeli
47,56000,short,sell,Defansif
59,51000,short,sell,Defansif
52,69000,medium,hold,Dengeli
24,29000,medium,sell,Defansif
33,54000,medium,buy,Agresif
43,32000,medium,buy,Agresif
65,88000,medium,hold,Dengeli
74,23000,long,buy,Agresif
69,51000,long,hold,Dengeli
66,58000,long,sell,Defansif
19,59000,medium,hold,Agresif
18,35000,medium,sell,Dengeli
65,27000,medium,sell,Defansif
29,35000,short,buy,Agresif
22,63000,short,hold,Agresif
54,46000,medium,buy,Dengeli
49,69000,long,sell,Dengeli
72,61000,medium,hold,Defansif
26,17000,long,sell,Dengeli
58,56000,medium,hold,Dengeli
52,106000,medium,hold,Dengeli
36,83000,short,hold,Dengeli
65,60000,short,sell,Defansif
33,23000,long,sell,Dengeli
20,61000,medium,sell,Dengeli
37,68000,medium,hold,Agresif
41,43000,long,buy,Agresif
71,57000,short,sell,Defansif
73,87000,long,hold,Agresif
50,28000,medium,buy,Agresif
41,23000,medium,hold,Dengeli
69,67000,medium,hold,Defansif
28,61000,short,buy,Agresif
66,75000,short,sell,Defansif
25,64000,medium,sell,Dengeli
53,35000,long,sell,Dengeli
55,60000,long,buy,Agresif
57,21000,short,buy,Defansif
37,43000,medium,hold,Dengeli
52,62000,short,sell,Defansif
65,40000,short,hold,Defansif
42,111000,medium,sell,Dengeli
52,17000,medium,sell,Defansif
42,36000,short,hold,Dengeli
46,26000,short,buy,Agresif
35,32000,long,buy,Agresif
63,33000,short,hold,Defansif
35,17000,medium,sell,Defansif
19,68000,medium,sell,Dengeli
71,36000,short,sell,Defansif
52,54000,short,hold,Dengeli
33,39000,medium,buy,Agresif
58,32000,long,hold,Agresif
53,91000,medium,hold,Dengeli
50,73000,medium,sell,Dengeli
21,17000,long,sell,Dengeli
50,17000,long,hold,Dengeli
31,76000,medium,sell,Dengeli
38,37000,medium,hold,Agresif
65,17000,medium,buy,Dengeli
37,76000,medium,hold,Agresif
73,54000,medium,sell,Defansif
25,56000,medium,sell,Dengeli
24,70000,short,hold,Agresif
20,17000,medium,hold,Agresif
34,17000,medium,hold,Dengeli
50,89000,short,hold,Dengeli
65,17000,short,hold,Defansif
29,19000,medium,hold,Agresif
68,24000,medium,sell,Defansif
39,101000,medium,buy,Agresif
72,62000,medium,sell,Defansif
39,74000,medium,sell,Dengeli
63,54000,short,hold,Defansif
47,34000,medium,hold,Dengeli
55,65000,long,buy,Agresif
55,17000,long,hold,Dengeli
62,22000,medium,buy,Dengeli
68,68000,medium,buy,Dengeli
71,17000,short,hold,Defansif
25,45000,medium,hold,Agresif
44,46000,short,hold,Dengeli
44,36000,long,buy,Agresif
51,17000,short,hold,Dengeli
38,34000,short,sell,Defansif
47,29000,long,hold,Dengeli
50,54000,long,sell,Defansif
45,52000,long,hold,Agresif
64,59000,short,sell,Defansif
50,33000,short,hold,Defansif
22,63000,medium,buy,Agresif
65,17000,short,sell,Defansif
36,17000,short,sell,Defansif
21,17000,medium,sell,Defansif
52,37000,long,hold,Dengeli
66,31000,medium,sell,Defansif
34,69000,medium,sell,Dengeli
61,33000,medium,sell,Defansif
45,56000,medium,hold,Dengeli
47,70000,medium,sell,Dengeli
46,32000,short,hold,Dengeli
63,57000,short,sell,Defansif
70,75000,long,hold,Agresif
23,19000,short,sell,Defansif
52,50000,long,hold,Dengeli
58,32000,short,sell,Defansif
54,20000,medium,hold,Defansif
41,17000,medium,buy,Agresif
46,20000,short,buy,Dengeli
66,51000,short,hold,Defansif
63,17000,medium,hold,Dengeli
70,36000,long,buy,Agresif
48,70000,long,hold,Agresif
52,61000,medium,sell,Defansif
50,36000,long,buy,Agresif
69,92000,medium,hold,Dengeli
38,97000,long,sell,Dengeli
49,50000,medium,sell,Defansif
40,17000,medium,sell,Defansif
50,72000,long,hold,Agresif
20,17000,medium,sell,Dengeli
35,86000,long,sell,Dengeli
42,77000,medium,sell,Dengeli
59,94000,short,hold,Dengeli
48,56000,short,hold,Defansif
71,40000,medium,sell,Defansif
75,38000,medium,sell,Defansif
20,36000,long,sell,Agresif
57,74000,short,buy,Agresif
63,67000,long,hold,Agresif
41,53000,long,hold,Agresif
67,31000,short,sell,Defansif
49,115000,long,hold,Agresif
64,72000,long,hold,Dengeli
39,17000,long,sell,Defansif
40,37000,long,sell,Dengeli
19,73000,long,hold,Agresif
44,30000,medium,buy,Agresif
59,58000,medium,buy,Agresif
19,73000,long,hold,Agresif
43,17000,medium,hold,Defansif
34,47000,medium,sell,Defansif
57,48000,medium,hold,Defansif
50,39000,long,hold,Agresif
26,57000,short,sell,Defansif
60,66000,long,buy,Agresif
71,53000,medium,sell,Defansif
65,40000,short,sell,Defansif
56,65000,medium,hold,Agresif
46,51000,short,hold,Dengeli
59,44000,medium,hold,Dengeli
72,17000,long,sell,Defansif
43,17000,long,buy,Agresif
52,17000,short,hold,Defansif
67,56000,short,hold,Defansif
42,48000,long,buy,Agresif
41,17000,long,hold,Dengeli
30,66000,medium,sell,Dengeli
75,84000,medium,hold,Dengeli
24,35000,medium,sell,Dengeli
74,17000,long,sell,Defansif
53,32000,medium,hold,Dengeli
62,71000,medium,buy,Agresif
37,63000,medium,sell,Defansif
18,26000,long,hold,Agresif
25,88000,short,sell,Dengeli
63,83000,medium,hold,Dengeli
33,31000,medium,hold,Agresif
31,31000,short,hold,Dengeli
29,35000,short,sell,Defansif
68,37000,long,hold,Dengeli
40,73000,long,buy,Agresif
32,60000,long,hold,Agresif
45,71000,long,hold,Dengeli
51,66000,medium,buy,Agresif
19,92000,long,sell,Agresif
49,23000,medium,hold,Defansif
40,59000,medium,buy,Agresif
39,17000,long,sell,Dengeli
68,17000,short,hold,Defansif
42,48000,medium,sell,Defansif
75,60000,medium,hold,Dengeli
39,47000,short,hold,Dengeli
75,35000,short,sell,Defansif
75,40000,long,hold,Dengeli
39,84000,long,sell,Agresif
66,40000,medium,hold,Defansif
69,93000,short,sell,Defansif
59,69000,short,buy,Agresif
23,61000,long,sell,Agresif
32,20000,medium,buy,Agresif
71,73000,medium,hold,Dengeli
60,37000,medium,sell,Defansif
54,20000,medium,hold,Defansif
50,62000,medium,hold,Dengeli
25,17000,long,hold,Dengeli
70,30000,medium,sell,Defansif
61,49000,medium,hold,Defansif
61,105000,medium,sell,Defansif
22,32000,long,sell,Agresif
56,38000,medium,hold,Defansif
21,68000,short,sell,Defansif
23,19000,medium,sell,Defansif
62,61000,medium,sell,Defansif
49,80000,long,sell,Dengeli
69,42000,medium,sell,Defansif
47,75000,long,buy,Agresif
64,57000,short,sell,Defansif
52,31000,long,hold,Dengeli
72,45000,medium,sell,Defansif
57,40000,long,buy,Agresif
69,47000,medium,sell,Defansif
33,53000,medium,buy,Agresif
30,64000,long,hold,Agresif
67,62000,short,sell,Defansif
59,17000,short,buy,Dengeli
47,47000,medium,hold,Dengeli
36,17000,medium,sell,Defansif
34,43000,medium,hold,Agresif
73,46000,medium,buy,Dengeli
36,74000,medium,hold,Agresif
45,49000,long,sell,Dengeli
75,56000,medium,hold,Dengeli
72,69000,long,hold,Defansif
43,80000,long,buy,Agresif
54,46000,medium,hold,Defansif
43,52000,short,sell,Defansif
70,50000,short,buy,Defansif
40,36000,medium,sell,Defansif
26,30000,long,sell,Dengeli
29,17000,medium,hold,Dengeli
70,23000,medium,hold,Defansif
18,17000,medium,sell,Dengeli
75,81000,medium,hold,Dengeli
75,54000,medium,hold,Dengeli
18,46000,short,hold,Agresif
64,32000,long,buy,Agresif
51,50000,medium,hold,Dengeli
49,28000,short,sell,Defansif
71,54000,long,sell,Defansif
65,56000,short,buy,Dengeli
42,28000,long,sell,Dengeli
57,27000,long,hold,Dengeli
62,74000,long,hold,Dengeli
70,48000,long,hold,Dengeli
18,30000,medium,sell,Dengeli
33,40000,long,hold,Agresif
56,24000,medium,hold,Dengeli
22,48000,long,buy,Agresif
39,70000,long,sell,Dengeli
46,49000,long,hold,Agresif
72,109000,long,hold,Dengeli
20,60000,medium,hold,Agresif
29,55000,long,hold,Agresif
43,27000,medium,sell,Defansif
33,44000,long,sell,Dengeli
68,30000,medium,hold,Defansif
54,17000,medium,hold,Defansif
39,74000,medium,hold,Dengeli
74,37000,medium,sell,Defansif
46,30000,long,sell,Dengeli
31,55000,medium,sell,Dengeli
45,62000,medium,sell,Defansif
22,41000,medium,hold,Agresif
64,49000,long,buy,Agresif
66,68000,medium,sell,Defansif
47,40000,short,sell,Defansif
63,57000,short,sell,Defansif
69,17000,short,hold,Defansif
22,18000,medium,sell,Dengeli
29,65000,short,buy,Agresif
33,17000,short,hold,Defansif
43,55000,long,buy,Agresif
43,46000,long,buy,Agresif
65,40000,medium,hold,Defansif
38,29000,long,hold,Agresif
56,72000,short,sell,Defansif
53,93000,medium,hold,Dengeli
50,57000,medium,buy,Agresif
47,58000,medium,sell,Defansif
54,32000,medium,buy,Agresif
40,20000,medium,sell,Defansif
75,49000,medium,buy,Agresif
27,25000,long,buy,Agresif
71,17000,short,hold,Defansif
22,70000,short,hold,Dengeli
53,71000,short,hold,Dengeli
51,28000,medium,buy,Agresif
69,56000,medium,buy,Agresif
48,75000,short,hold,Dengeli
27,55000,long,hold,Agresif
75,20000,medium,hold,Defansif
36,44000,short,buy,Agresif
75,83000,medium,hold,Dengeli
49,56000,short,buy,Dengeli
18,63000,medium,hold,Agresif
73,58000,medium,sell,Defansif
22,28000,short,hold,Dengeli
62,34000,short,hold,Defansif
21,58000,medium,sell,Dengeli
33,70000,short,sell,Dengeli
41,77000,short,hold,Dengeli
33,28000,medium,sell,Defansif
72,60000,medium,sell,Defansif
19,79000,medium,hold,Dengeli
66,25000,medium,buy,Dengeli
45,87000,medium,hold,Dengeli
49,90000,short,buy,Agresif
44,115000,short,hold,Agresif
37,55000,long,sell,Dengeli
41,55000,medium,hold,Dengeli
29,70000,long,hold,Agresif
67,69000,medium,hold,Dengeli
52,78000,medium,sell,Defansif
50,69000,medium,hold,Dengeli
50,47000,medium,sell,Defansif
68,80000,medium,hold,Dengeli
60,23000,medium,sell,Defansif
54,50000,short,hold,Defansif
29,89000,medium,hold,Agresif
20,18000,long,sell,Dengeli
18,33000,long,hold,Agresif
50,66000,medium,hold,Dengeli
57,59000,medium,buy,Agresif
27,28000,short,buy,Agresif
60,39000,medium,hold,Dengeli
61,20000,medium,hold,Defansif
46,74000,long,sell,Dengeli
30,43000,medium,sell,Defansif
29,94000,medium,sell,Dengeli
48,52000,medium,hold,Dengeli
63,44000,long,sell,Defansif
19,42000,medium,sell,Defansif
68,43000,medium,hold,Dengeli
67,52000,long,hold,Agresif
52,112000,short,hold,Dengeli
40,41000,long,sell,Defansif
34,42000,short,hold,Dengeli
43,51000,long,hold,Agresif
25,77000,medium,hold,Agresif
46,17000,medium,sell,Defansif
43,61000,long,hold,Dengeli
27,29000,short,buy,Dengeli
43,63000,short,sell,Defansif
51,37000,medium,buy,Agresif
68,17000,medium,hold,Defansif
58,59000,medium,sell,Defansif
24,59000,short,hold,Agresif
21,35000,short,sell,Defansif
75,34000,short,sell,Defansif
70,17000,short,hold,Defansif
67,69000,medium,hold,Dengeli
62,72000,long,buy,Agresif
28,28000,long,hold,Agresif
46,36000,long,sell,Defansif
73,48000,short,hold,Defansif
53,106000,medium,hold,Agresif
42,63000,short,buy,Dengeli
38,26000,medium,buy,Agresif
74,57000,medium,buy,Dengeli
53,17000,short,hold,Dengeli
27,67000,short,hold,Dengeli
54,91000,long,sell,Dengeli
26,91000,medium,buy,Agresif
41,68000,medium,sell,Defansif
52,35000,short,sell,Defansif
66,17000,short,sell,Defansif
52,17000,long,hold,Dengeli
65,17000,short,hold,Defansif
53,67000,medium,hold,Dengeli
35,47000,short,buy,Agresif
66,72000,medium,buy,Agresif
56,85000,short,sell,Defansif
49,52000,long,sell,Defansif
41,53000,long,buy,Agresif
40,38000,long,buy,Agresif
49,41000,medium,hold,Dengeli
54,68000,long,hold,Dengeli
29,45000,medium,sell,Defansif
66,42000,medium,buy,Agresif
72,49000,medium,hold,Defansif
30,72000,short,hold,Dengeli
40,32000,short,sell,Defansif
42,48000,long,buy,Agresif
52,56000,short,hold,Defansif
58,79000,medium,sell,Defansif
47,44000,medium,hold,Agresif
34,32000,long,hold,Dengeli
66,37000,long,hold,Defansif
37,76000,long,hold,Agresif
65,100000,medium,hold,Dengeli
42,17000,short,buy,Dengeli
39,22000,medium,sell,Defansif
30,45000,short,sell,Defansif
36,52000,short,sell,Defansif
66,69000,medium,hold,Dengeli
53,27000,medium,hold,Dengeli
29,23000,long,buy,Agresif
58,53000,short,hold,Defansif
36,43000,medium,hold,Dengeli
29,73000,short,buy,Agresif
26,62000,long,sell,Agresif
24,63000,long,buy,Agresif
45,47000,long,hold,Agresif
31,108000,long,hold,Agresif
48,29000,medium,hold,Agresif
69,65000,medium,hold,Dengeli
36,18000,medium,sell,Defansif
75,23000,medium,hold,Defansif
64,34000,medium,hold,Dengeli
33,90000,medium,buy,Agresif
70,56000,long,hold,Dengeli
22,35000,long,buy,Agresif
52,59000,long,hold,Agresif
29,50000,long,hold,Agresif
42,37000,medium,hold,Defansif
69,17000,short,hold,Defansif
38,85000,short,buy,Agresif
53,55000,medium,hold,Dengeli
70,104000,long,hold,Agresif
40,73000,short,sell,Defansif
33,63000,long,hold,Agresif
74,39000,short,sell,Defansif
56,22000,medium,hold,Defansif
62,44000,medium,sell,Defansif
70,21000,short,sell,Defansif
59,66000,short,sell,Defansif
75,90000,medium,sell,Defansif
56,43000,long,sell,Agresif
31,73000,medium,buy,Agresif
48,32000,medium,hold,Dengeli
75,42000,medium,hold,Defansif
22,29000,short,hold,Agresif
52,17000,long,sell,Dengeli
40,49000,short,buy,Agresif
46,53000,long,sell,Dengeli
60,76000,medium,sell,Defansif
28,69000,long,hold,Agresif
35,70000,short,sell,Defansif
64,25000,medium,hold,Dengeli
29,61000,short,hold,Dengeli
26,89000,short,hold,Agresif
27,59000,medium,hold,Agresif
75,95000,short,sell,Defansif
61,100000,medium,hold,Dengeli
34,43000,short,sell,Defansif
55,32000,medium,hold,Dengeli
24,30000,long,sell,Agresif
63,17000,medium,hold,Defansif
30,37000,medium,hold,Agresif
57,80000,medium,hold,Dengeli
59,17000,long,buy,Agresif
26,24000,medium,buy,Agresif
67,46000,medium,hold,Dengeli
44,28000,long,hold,Dengeli
75,36000,long,sell,Defansif
19,37000,medium,hold,Dengeli
22,43000,medium,sell,Dengeli
46,31000,long,sell,Defansif
54,29000,medium,buy,Dengeli
55,73000,short,hold,Dengeli
36,76000,short,hold,Dengeli
25,17000,long,sell,Dengeli
65,17000,medium,hold,Defansif
62,76000,long,sell,Dengeli
18,19000,medium,sell,Defansif
39,55000,medium,sell,Defansif
69,17000,short,hold,Defansif
34,82000,short,hold,Agresif
24,113000,long,sell,Agresif
42,54000,long,hold,Agresif
62,47000,medium,sell,Defansif
21,41000,medium,hold,Agresif
53,69000,medium,buy,Agresif
23,64000,medium,hold,Agresif
48,75000,medium,buy,Agresif
36,34000,short,buy,Agresif
61,58000,medium,hold,Dengeli
71,36000,long,hold,Dengeli
56,23000,long,buy,Agresif
44,48000,short,hold,Defansif
27,26000,long,sell,Dengeli
43,79000,medium,buy,Agresif
36,28000,medium,hold,Agresif
56,59000,short,sell,Defansif
20,34000,medium,hold,Agresif
62,56000,medium,hold,Dengeli
30,36000,medium,hold,Agresif
67,18000,long,hold,Defansif
45,62000,long,hold,Dengeli
75,44000,medium,hold,Defansif
37,57000,long,hold,Agresif
45,39000,medium,hold,Agresif
25,17000,short,hold,Defansif
58,77000,medium,hold,Dengeli
56,68000,short,hold,Defansif
18,35000,medium,hold,Dengeli
20,51000,short,buy,Agresif
30,76000,short,sell,Defansif
45,38000,long,sell,Defansif
74,42000,medium,hold,Defansif
66,56000,medium,buy,Agresif
42,38000,short,sell,Defansif
73,71000,medium,sell,Defansif
50,45000,medium,sell,Defansif
55,30000,long,hold,Agresif
70,65000,medium,sell,Defansif
23,21000,short,hold,Dengeli
75,100000,medium,hold,Dengeli
61,89000,short,buy,Dengeli
62,62000,medium,hold,Dengeli
49,60000,medium,sell,Defansif
62,59000,long,hold,Dengeli
64,37000,short,buy,Dengeli
38,57000,medium,hold,Agresif
33,26000,short,buy,Dengeli
71,62000,medium,buy,Agresif
38,71000,medium,sell,Defansif
28,40000,long,hold,Agresif
54,35000,short,sell,Defansif
53,19000,short,hold,Defansif
52,86000,medium,sell,Dengeli
36,37000,short,sell,Defansif
37,45000,short,buy,Agresif
74,57000,medium,sell,Defansif
35,57000,short,buy,Agresif
64,68000,short,sell,Defansif
58,40000,long,sell,Defansif
66,21000,medium,buy,Dengeli
31,17000,short,hold,Dengeli
32,35000,medium,hold,Dengeli
48,26000,medium,sell,Defansif
18,42000,medium,hold,Agresif
70,82000,medium,hold,Dengeli
71,40000,short,hold,Defansif
71,40000,medium,hold,Defansif
20,49000,medium,buy,Agresif
33,39000,medium,hold,Dengeli
40,48000,long,buy,Agresif
74,63000,medium,hold,Dengeli
28,72000,medium,hold,Agresif
29,75000,medium,sell,Agresif
27,101000,medium,hold,Agresif
49,64000,short,buy,Dengeli
33,105000,short,sell,Defansif
25,30000,long,sell,Dengeli
55,102000,medium,sell,Defansif
29,40000,medium,sell,Defansif
41,42000,medium,buy,Agresif
45,47000,medium,buy,Agresif
70,44000,short,hold,Defansif
25,52000,long,sell,Dengeli
75,35000,short,hold,Defansif
45,70000,long,hold,Agresif
53,36000,long,buy,Agresif
43,66000,long,hold,Agresif
25,88000,medium,sell,Dengeli
75,41000,short,hold,Defansif
67,69000,medium,buy,Agresif
45,63000,medium,hold,Agresif
45,106000,medium,hold,Agresif
54,37000,long,sell,Defansif
58,69000,medium,hold,Dengeli
53,17000,medium,hold,Dengeli
44,37000,medium,sell,Defansif
71,58000,medium,hold,Defansif
34,84000,medium,sell,Defansif
26,19000,long,sell,Dengeli
50,69000,medium,sell,Defansif
70,48000,long,sell,Defansif
37,17000,long,hold,Agresif
30,54000,long,sell,Dengeli
45,92000,short,sell,Defansif
65,21000,long,buy,Agresif
46,47000,short,hold,Dengeli
30,25000,short,hold,Defansif
63,38000,medium,hold,Dengeli
52,85000,medium,hold,Agresif
23,43000,short,sell,Dengeli
35,85000,short,buy,Agresif
68,77000,short,sell,Defansif
22,40000,long,hold,Agresif
64,37000,short,sell,Defansif
42,27000,short,hold,Defansif
19,26000,medium,hold,Dengeli
27,58000,medium,hold,Agresif
73,49000,long,sell,Defansif
47,34000,short,hold,Defansif
67,17000,medium,buy,Defansif
62,52000,medium,buy,Agresif
22,38000,long,sell,Dengeli
72,45000,medium,hold,Defansif
73,57000,long,buy,Agresif
50,17000,short,hold,Defansif
71,17000,medium,hold,Defansif
18,107000,medium,buy,Agresif
35,37000,long,buy,Agresif
49,17000,short,hold,Defansif
64,17000,short,hold,Defansif
66,112000,medium,sell,Dengeli
28,32000,short,hold,Dengeli
38,78000,short,sell,Defansif
43,53000,long,sell,Dengeli
42,37000,medium,hold,Dengeli
39,69000,medium,sell,Dengeli
44,17000,long,hold,Agresif
66,17000,medium,hold,Defansif
30,37000,short,hold,Dengeli
50,17000,short,hold,Defansif
51,35000,medium,buy,Agresif
58,71000,medium,sell,Defansif
52,53000,medium,hold,Dengeli
18,83000,short,buy,Agresif
38,54000,medium,hold,Agresif
65,74000,long,hold,Dengeli
72,48000,long,buy,Dengeli
23,35000,long,sell,Dengeli
45,87000,long,hold,Agresif
34,32000,medium,hold,Dengeli
22,58000,long,sell,Dengeli
48,69000,short,buy,Dengeli
22,71000,medium,buy,Agresif
55,20000,medium,hold,Defansif
20,76000,short,sell,Dengeli
70,25000,long,sell,Defansif
40,70000,long,hold,Agresif
54,63000,medium,sell,Defansif
70,70000,long,hold,Dengeli
54,19000,short,hold,Defansif
27,64000,medium,hold,Agresif
27,77000,medium,hold,Agresif
36,54000,medium,hold,Agresif
34,29000,long,sell,Defansif
38,72000,long,sell,Dengeli
31,52000,long,hold,Agresif
26,17000,medium,hold,Dengeli
63,27000,long,hold,Dengeli
18,36000,short,hold,Agresif
68,87000,long,buy,Agresif
62,83000,medium,sell,Defansif
30,83000,short,sell,Dengeli
21,55000,medium,sell,Agresif
18,72000,short,hold,Agresif
66,21000,short,hold,Defansif
57,50000,medium,buy,Agresif
49,61000,short,hold,Dengeli
51,23000,short,buy,Dengeli
45,55000,short,buy,Dengeli
48,92000,medium,sell,Dengeli
25,63000,short,hold,Dengeli
56,72000,medium,hold,Dengeli
43,17000,short,sell,Defansif
75,88000,long,hold,Agresif
51,45000,long,hold,Dengeli
71,30000,medium,sell,Defansif
71,45000,long,hold,Dengeli
20,17000,long,hold,Agresif
67,76000,long,sell,Dengeli
29,41000,medium,hold,Dengeli
18,31000,short,sell,Defansif
71,45000,medium,hold,Defansif
61,77000,medium,sell,Defansif
22,53000,medium,buy,Agresif
47,17000,medium,hold,Dengeli
47,61000,long,sell,Dengeli
74,26000,long,hold,Dengeli
34,17000,short,hold,Dengeli
65,87000,short,hold,Dengeli
64,61000,short,hold,Defansif
40,48000,long,hold,Agresif
32,41000,medium,sell,Defansif
54,84000,medium,sell,Defansif
38,127000,medium,hold,Agresif
31,61000,medium,hold,Agresif
19,24000,medium,hold,Agresif
28,46000,medium,buy,Agresif
68,60000,long,hold,Agresif
56,17000,long,hold,Dengeli
55,58000,long,sell,Defansif
51,60000,long,sell,Agresif
55,83000,medium,buy,Agresif
67,80000,medium,hold,Defansif
51,52000,long,hold,Agresif
35,87000,long,sell,Dengeli
47,100000,short,hold,Dengeli
32,50000,medium,buy,Agresif
44,60000,short,sell,Defansif
68,17000,medium,buy,Dengeli
51,17000,medium,hold,Dengeli
69,29000,medium,hold,Defansif
74,38000,short,hold,Defansif
55,22000,medium,buy,Dengeli
50,49000,long,sell,Dengeli
41,39000,short,sell,Defansif
32,76000,medium,buy,Agresif
47,38000,medium,hold,Dengeli
72,17000,long,sell,Defansif
59,53000,short,hold,Defansif
68,49000,long,hold,Agresif
34,28000,medium,hold,Agresif
22,52000,long,sell,Dengeli
46,23000,long,hold,Agresif
21,58000,short,sell,Dengeli
27,115000,short,hold,Agresif
73,17000,medium,buy,Dengeli
34,37000,medium,hold,Agresif
27,33000,short,sell,Defansif
34,39000,short,sell,Defansif
37,75000,medium,hold,Dengeli
41,63000,short,hold,Dengeli
22,71000,short,hold,Agresif
51,50000,medium,hold,Defansif
23,17000,short,hold,Dengeli
70,22000,medium,sell,Defansif
19,68000,medium,sell,Dengeli
30,54000,medium,sell,Dengeli
60,81000,long,sell,Dengeli
60,57000,medium,hold,Defansif
65,20000,medium,buy,Dengeli
28,36000,medium,hold,Agresif
68,64000,long,sell,Dengeli
64,67000,long,sell,Dengeli
74,71000,long,sell,Defansif
40,23000,medium,sell,Defansif
72,19000,short,hold,Defansif
33,45000,medium,hold,Dengeli
48,86000,short,sell,Defansif
28,32000,long,sell,Dengeli
71,61000,medium,sell,Defansif
33,61000,long,sell,Dengeli
25,69000,medium,hold,Agresif
21,91000,long,sell,Agresif
57,89000,medium,hold,Dengeli
21,35000,short,hold,Dengeli
73,17000,medium,buy,Dengeli
42,33000,medium,buy,Dengeli
20,51000,medium,hold,Dengeli
49,40000,long,sell,Dengeli
20,99000,short,hold,Agresif
44,50000,medium,hold,Agresif
46,66000,medium,sell,Defansif
49,55000,medium,hold,Dengeli
67,41000,long,buy,Agresif
75,17000,long,hold,Defansif
68,48000,long,sell,Defansif
36,131000,long,sell,Agresif
38,18000,long,hold,Dengeli
22,17000,short,sell,Defansif
35,98000,long,hold,Agresif
45,68000,medium,hold,Agresif
59,54000,short,sell,Defansif
39,84000,short,buy,Agresif
38,29000,long,hold,Agresif
23,47000,long,sell,Dengeli
18,73000,short,hold,Agresif
22,102000,long,hold,Agresif
58,20000,long,hold,Dengeli
29,82000,short,buy,Agresif
43,59000,short,hold,Dengeli
63,54000,long,buy,Agresif
51,49000,medium,hold,Dengeli
66,17000,medium,hold,Defansif
31,74000,short,buy,Agresif
43,30000,medium,hold,Dengeli
62,23000,long,sell,Defansif
44,72000,medium,hold,Agresif
26,69000,long,hold,Agresif
43,51000,long,sell,Dengeli
74,76000,long,buy,Agresif
64,85000,medium,sell,Defansif
74,82000,short,sell,Defansif
39,36000,medium,buy,Agresif
64,75000,short,hold,Defansif
73,55000,long,sell,Defansif
47,93000,medium,hold,Agresif
60,46000,medium,hold,Dengeli
65,41000,medium,sell,Defansif
34,34000,long,buy,Agresif
43,54000,long,hold,Agresif
53,61000,medium,hold,Dengeli
18,62000,long,hold,Agresif
25,58000,medium,hold,Agresif
66,66000,medium,sell,Defansif
52,44000,long,sell,Dengeli
69,28000,medium,hold,Dengeli
32,26000,long,buy,Agresif
64,74000,short,sell,Defansif
73,61000,short,hold,Defansif
39,17000,long,buy,Dengeli
31,77000,short,sell,Dengeli
43,97000,long,sell,Dengeli
45,32000,long,sell,Defansif
40,58000,short,hold,Dengeli
31,38000,medium,sell,Defansif
41,65000,short,hold,Dengeli
19,20000,medium,hold,Dengeli
62,48000,short,hold,Dengeli
43,74000,short,sell,Defansif
31,80000,medium,hold,Agresif
73,60000,medium,hold,Defansif
68,41000,long,buy,Dengeli
24,17000,long,buy,Agresif
20,31000,long,hold,Agresif
64,38000,medium,hold,Dengeli
40,32000,long,sell,Dengeli
63,51000,medium,sell,Defansif
60,41000,long,sell,Defansif
64,54000,long,hold,Dengeli
62,80000,medium,sell,Defansif
35,39000,medium,sell,Dengeli
75,17000,long,buy,Agresif
55,32000,long,sell,Defansif
52,64000,long,sell,Defansif
68,66000,medium,sell,Defansif
32,60000,medium,hold,Agresif
42,82000,short,hold,Dengeli
72,45000,long,hold,Dengeli
54,101000,short,hold,Dengeli
45,70000,long,hold,Agresif
27,17000,short,buy,Dengeli
56,95000,short,buy,Agresif
74,30000,medium,buy,Dengeli
34,24000,long,hold,Dengeli
56,63000,short,sell,Defansif
39,17000,medium,sell,Defansif
43,32000,medium,sell,Defansif
61,88000,short,hold,Dengeli
42,63000,short,buy,Agresif
34,70000,long,hold,Agresif
30,33000,medium,sell,Defansif
37,17000,short,hold,Dengeli
42,67000,long,buy,Agresif
21,73000,long,hold,Agresif
27,72000,medium,buy,Agresif
20,55000,medium,buy,Agresif
58,25000,long,buy,Agresif
62,110000,long,hold,Agresif
35,61000,long,hold,Agresif
64,45000,medium,sell,Defansif
53,45000,medium,sell,Defansif
64,53000,long,hold,Dengeli
39,76000,short,sell,Defansif
51,54000,medium,buy,Dengeli
64,71000,long,sell,Defansif
25,53000,medium,buy,Agresif
57,47000,medium,hold,Dengeli
66,66000,medium,sell,Defansif
61,65000,short,buy,Agresif
36,45000,medium,hold,Agresif
59,31000,long,hold,Agresif
58,58000,short,sell,Defansif
54,51000,short,hold,Defansif
23,36000,long,sell,Dengeli
69,28000,short,hold,Defansif
43,60000,medium,hold,Agresif
51,63000,long,hold,Agresif
73,40000,long,hold,Dengeli
62,35000,medium,hold,Dengeli
23,29000,long,sell,Dengeli
54,59000,short,buy,Dengeli
74,29000,long,sell,Defansif
50,106000,medium,hold,Agresif
70,39000,long,hold,Dengeli
39,17000,medium,buy,Agresif
38,49000,medium,hold,Dengeli
23,48000,medium,hold,Agresif
23,77000,medium,hold,Agresif
72,57000,long,hold,Defansif
65,29000,medium,sell,Defansif
21,42000,medium,hold,Agresif
47,58000,medium,hold,Dengeli
28,17000,medium,buy,Agresif
47,83000,long,hold,Agresif
48,29000,long,hold,Dengeli
41,85000,medium,sell,Defansif
72,59000,long,buy,Agresif
26,65000,long,buy,Agresif
72,78000,medium,sell,Defansif
20,64000,medium,sell,Defansif
68,66000,long,hold,Agresif
48,45000,medium,sell,Defansif
57,59000,long,sell,Dengeli
54,35000,medium,sell,Dengeli
53,41000,medium,sell,Defansif
41,99000,short,hold,Dengeli
48,29000,medium,hold,Dengeli
23,53000,long,sell,Agresif
19,52000,medium,sell,Agresif
37,42000,medium,sell,Defansif
45,62000,long,hold,Dengeli
28,64000,medium,sell,Dengeli
21,26000,medium,hold,Dengeli
32,52000,long,hold,Agresif
23,22000,long,sell,Dengeli
71,69000,short,sell,Defansif
66,54000,medium,sell,Defansif
47,52000,medium,hold,Dengeli
73,66000,medium,buy,Dengeli
55,43000,medium,sell,Defansif
68,72000,medium,buy,Agresif
74,26000,short,sell,Defansif
19,85000,medium,buy,Agresif
32,36000,short,hold,Dengeli
28,17000,medium,hold,Dengeli
25,41000,long,hold,Agresif
43,38000,long,hold,Agresif
68,41000,medium,buy,Dengeli
62,55000,short,hold,Defansif
61,77000,short,hold,Dengeli
22,45000,medium,sell,Dengeli
23,32000,short,sell,Defansif
43,21000,medium,buy,Agresif
71,38000,short,hold,Defansif
21,17000,long,hold,Agresif
36,31000,medium,hold,Agresif
37,81000,short,buy,Agresif
50,29000,long,hold,Dengeli
37,65000,medium,hold,Dengeli
66,19000,short,hold,Defansif
29,94000,medium,hold,Agresif
64,95000,medium,sell,Defansif
18,64000,long,buy,Agresif
43,99000,short,hold,Agresif
31,58000,medium,buy,Agresif
55,69000,medium,sell,Defansif
54,81000,short,sell,Defansif
28,54000,long,buy,Agresif
53,17000,long,hold,Dengeli
30,69000,medium,hold,Agresif
60,38000,medium,hold,Dengeli
20,40000,short,hold,Dengeli
50,57000,long,hold,Agresif
23,64000,short,sell,Dengeli
67,53000,short,buy,Dengeli
73,65000,medium,buy,Agresif
27,32000,medium,sell,Dengeli
22,48000,medium,buy,Agresif
40,71000,short,buy,Agresif
27,94000,medium,hold,Agresif
61,103000,medium,hold,Agresif
19,60000,short,hold,Dengeli
30,71000,long,sell,Agresif
57,99000,short,hold,Dengeli
19,33000,medium,buy,Agresif
37,65000,medium,hold,Agresif
18,69000,medium,hold,Agresif
54,86000,medium,sell,Defansif
26,21000,long,sell,Dengeli
34,26000,short,hold,Defansif
26,50000,long,sell,Dengeli
28,59000,medium,hold,Agresif
32,78000,medium,hold,Agresif
41,62000,medium,hold,Agresif
55,46000,medium,sell,Defansif
72,60000,long,hold,Dengeli
52,57000,long,hold,Agresif
47,93000,long,sell,Agresif
48,54000,long,sell,Dengeli
66,40000,long,sell,Defansif
22,61000,medium,buy,Agresif
61,54000,medium,sell,Defansif
67,17000,medium,hold,Defansif
31,49000,short,buy,Agresif
70,47000,long,hold,Dengeli
73,36000,medium,sell,Defansif
28,75000,short,buy,Agresif
26,30000,short,sell,Defansif
51,61000,medium,hold,Dengeli
29,46000,medium,buy,Agresif
52,52000,medium,hold,Dengeli
52,60000,medium,hold,Dengeli
18,17000,medium,sell,Dengeli
57,54000,medium,hold,Dengeli
39,107000,short,hold,Dengeli
46,17000,short,sell,Defansif
25,48000,medium,buy,Agresif
28,78000,medium,buy,Agresif
58,57000,short,buy,Agresif
54,67000,medium,hold,Dengeli
31,17000,short,hold,Dengeli
47,64000,medium,buy,Agresif
52,30000,medium,buy,Agresif
38,57000,medium,hold,Agresif
54,49000,long,sell,Defansif
22,106000,medium,sell,Dengeli
36,63000,long,hold,Agresif
31,47000,medium,hold,Agresif
43,17000,medium,buy,Dengeli
21,53000,medium,sell,Defansif
42,70000,medium,sell,Dengeli
62,47000,medium,hold,Defansif
59,37000,medium,hold,Dengeli
42,35000,short,sell,Defansif
35,63000,short,hold,Dengeli
57,68000,medium,hold,Dengeli
25,84000,medium,hold,Agresif
56,25000,medium,hold,Dengeli
57,63000,short,sell,Defansif
31,46000,long,hold,Agresif
49,47000,long,buy,Agresif
68,60000,long,sell,Defansif
55,60000,medium,buy,Agresif
50,63000,long,hold,Agresif
40,23000,long,buy,Agresif
32,31000,medium,buy,Agresif
50,87000,medium,sell,Dengeli
42,44000,long,hold,Dengeli
34,57000,medium,sell,Dengeli
50,76000,medium,buy,Agresif
64,61000,short,hold,Defansif
72,63000,short,hold,Dengeli
19,72000,long,hold,Agresif
31,17000,medium,buy,Agresif
70,37000,medium,sell,Defansif
57,61000,short,hold,Defansif
57,84000,medium,hold,Dengeli
68,51000,medium,hold,Dengeli
56,28000,short,hold,Defansif
68,29000,long,hold,Dengeli
23,72000,short,sell,Dengeli
23,44000,medium,buy,Agresif
20,49000,medium,sell,Dengeli
24,65000,medium,hold,Agresif
68,17000,long,sell,Defansif
25,100000,long,sell,Agresif
59,31000,long,sell,Defansif
69,56000,short,hold,Dengeli
32,17000,short,hold,Dengeli
64,39000,medium,sell,Defansif
46,81000,medium,sell,Defansif
50,17000,long,buy,Agresif
69,78000,long,sell,Defansif
47,43000,long,buy,Agresif
56,62000,long,sell,Dengeli
44,66000,long,hold,Agresif
53,61000,medium,sell,Defansif
46,28000,medium,buy,Agresif
55,40000,medium,hold,Dengeli
74,17000,short,hold,Defansif
50,62000,short,sell,Defansif
54,92000,medium,hold,Agresif
44,17000,long,hold,Dengeli
72,30000,short,sell,Defansif
50,45000,long,sell,Defansif
21,54000,long,buy,Agresif
39,71000,medium,sell,Defansif
19,46000,short,hold,Dengeli
27,42000,short,hold,Dengeli
22,77000,long,buy,Agresif
27,66000,long,buy,Agresif
50,63000,long,buy,Agresif
71,52000,medium,sell,Defansif
55,74000,short,buy,Agresif
30,33000,short,sell,Defansif
48,30000,long,hold,Dengeli
64,68000,short,hold,Defansif
53,17000,medium,sell,Defansif
62,52000,medium,buy,Agresif
41,42000,short,sell,Defansif
69,17000,short,hold,Defansif
73,26000,medium,hold,Dengeli
32,47000,medium,hold,Agresif
46,75000,short,sell,Defansif
25,33000,long,hold,Agresif
22,80000,long,buy,Agresif
46,51000,medium,sell,Defansif
64,82000,long,hold,Agresif
21,34000,medium,sell,Dengeli
29,48000,medium,hold,Agresif
62,59000,long,buy,Agresif
19,45000,long,hold,Agresif
44,73000,long,hold,Dengeli
48,17000,short,hold,Defansif
68,110000,short,hold,Defansif
68,71000,long,sell,Defansif
53,45000,medium,sell,Defansif
53,36000,medium,hold,Dengeli
43,28000,long,hold,Agresif
60,66000,long,hold,Dengeli
44,74000,long,sell,Agresif
22,45000,medium,hold,Dengeli
37,77000,long,sell,Agresif
28,27000,short,buy,Dengeli
27,22000,short,hold,Defansif
57,95000,medium,sell,Dengeli
55,64000,short,sell,Defansif
23,84000,medium,buy,Agresif
25,28000,medium,sell,Dengeli
40,26000,medium,buy,Agresif
64,41000,short,sell,Defansif
43,29000,medium,buy,Agresif
63,67000,medium,buy,Agresif
60,31000,medium,hold,Defansif
29,20000,long,sell,Defansif
43,53000,long,sell,Dengeli
30,17000,medium,hold,Dengeli
57,17000,long,hold,Dengeli
35,53000,short,sell,Defansif
42,17000,medium,sell,Defansif
50,69000,long,hold,Dengeli
64,17000,medium,hold,Defansif
57,17000,long,sell,Defansif
60,42000,medium,sell,Defansif
29,53000,long,buy,Agresif
61,62000,medium,hold,Dengeli
53,54000,medium,hold,Dengeli
65,23000,medium,hold,Defansif
21,67000,long,sell,Agresif
22,74000,medium,sell,Dengeli
73,19000,long,sell,Defansif
54,45000,medium,buy,Agresif
25,43000,short,hold,Dengeli
59,55000,medium,sell,Defansif
66,44000,medium,buy,Agresif
45,48000,long,sell,Defansif
48,66000,medium,buy,Agresif
75,22000,medium,buy,Dengeli
26,68000,medium,sell,Dengeli
71,78000,medium,sell,Defansif
68,90000,long,hold,Dengeli
46,17000,short,hold,Defansif
31,45000,medium,hold,Agresif
57,17000,long,buy,Agresif
58,17000,long,hold,Dengeli
39,53000,medium,sell,Defansif
28,40000,medium,sell,Defansif
40,57000,medium,hold,Dengeli
18,62000,medium,sell,Agresif
63,81000,long,hold,Agresif
54,51000,medium,sell,Defansif
38,123000,medium,sell,Agresif
43,57000,short,sell,Defansif
63,96000,medium,hold,Dengeli
53,17000,short,sell,Defansif
71,83000,short,hold,Defansif
40,45000,medium,hold,Agresif
74,17000,short,hold,Defansif
18,60000,short,hold,Agresif
71,42000,medium,sell,Defansif
72,64000,short,hold,Defansif
68,75000,short,sell,Defansif
57,17000,medium,hold,Defansif
32,75000,short,sell,Dengeli
38,50000,medium,hold,Agresif
64,83000,short,buy,Agresif
26,44000,long,hold,Agresif
70,38000,long,hold,Dengeli
26,50000,long,hold,Agresif
27,52000,medium,sell,Dengeli
69,33000,long,buy,Agresif
74,37000,medium,sell,Defansif
70,19000,short,buy,Defansif
43,39000,medium,hold,Agresif
58,66000,long,hold,Agresif
52,46000,medium,hold,Dengeli
69,75000,short,hold,Defansif
42,45000,long,hold,Agresif
43,17000,long,sell,Defansif
28,64000,short,hold,Agresif
55,33000,medium,hold,Defansif
19,44000,short,buy,Agresif
24,80000,long,hold,Agresif
35,20000,medium,sell,Defansif
44,54000,medium,sell,Defansif
51,48000,long,hold,Agresif
44,67000,medium,sell,Defansif
34,71000,medium,sell,Defansif
60,56000,medium,buy,Agresif
61,40000,medium,hold,Defansif
68,61000,medium,hold,Dengeli
71,83000,short,sell,Defansif
41,49000,medium,hold,Dengeli
42,43000,short,sell,Defansif
24,59000,medium,hold,Agresif
69,50000,long,sell,Defansif
23,17000,long,buy,Agresif
70,55000,medium,hold,Dengeli
41,17000,medium,hold,Dengeli
50,59000,medium,hold,Agresif
66,30000,long,hold,Dengeli
46,50000,short,sell,Defansif
60,59000,long,hold,Dengeli
39,111000,medium,sell,Dengeli
43,68000,long,buy,Agresif
45,84000,long,buy,Agresif
67,96000,long,sell,Dengeli
38,62000,medium,buy,Agresif
66,57000,short,hold,Defansif
24,23000,medium,sell,Defansif
34,47000,medium,buy,Agresif
37,31000,short,hold,Dengeli
58,39000,medium,hold,Defansif
66,96000,medium,hold,Dengeli
37,52000,medium,sell,Dengeli
71,28000,medium,buy,Dengeli
39,84000,short,sell,Dengeli
45,73000,long,sell,Defansif
57,75000,short,hold,Defansif
66,17000,medium,hold,Dengeli
24,98000,medium,hold,Agresif
18,36000,long,sell,Agresif
49,69000,short,sell,Defansif
30,113000,medium,sell,Agresif
47,103000,medium,buy,Agresif
40,25000,short,sell,Defansif
68,17000,medium,hold,Defansif
73,85000,long,hold,Agresif
36,53000,long,buy,Agresif
49,37000,short,buy,Dengeli
47,65000,short,sell,Defansif
46,45000,medium,sell,Defansif
66,67000,medium,hold,Dengeli
62,51000,short,sell,Defansif
46,68000,short,hold,Dengeli
47,27000,long,hold,Agresif
33,85000,long,buy,Agresif
57,67000,short,sell,Defansif
36,66000,medium,buy,Agresif
35,22000,medium,sell,Defansif
18,92000,short,hold,Agresif
31,49000,medium,hold,Dengeli
68,68000,medium,hold,Dengeli
64,41000,long,hold,Defansif
67,56000,long,buy,Agresif
19,57000,medium,buy,Agresif
71,17000,medium,buy,Dengeli
45,64000,medium,sell,Defansif
66,99000,medium,buy,Agresif
67,63000,medium,hold,Defansif
47,26000,short,sell,Defansif
55,66000,short,sell,Defansif
68,76000,medium,sell,Defansif
21,62000,long,sell,Agresif
18,48000,short,hold,Agresif
25,43000,medium,buy,Agresif
46,43000,medium,hold,Defansif
72,67000,medium,hold,Defansif
56,17000,short,buy,Dengeli
20,40000,long,sell,Dengeli
49,89000,long,buy,Agresif
27,90000,medium,hold,Agresif
27,17000,medium,hold,Agresif
36,21000,short,sell,Defansif
63,43000,medium,hold,Defansif
51,72000,long,sell,Dengeli
50,17000,short,hold,Defansif
40,48000,medium,sell,Defansif
72,38000,medium,buy,Dengeli
45,83000,medium,hold,Agresif
49,17000,long,sell,Defansif
67,52000,short,hold,Defansif
24,40000,long,sell,Dengeli
46,86000,medium,hold,Agresif
25,64000,long,buy,Agresif
18,35000,medium,hold,Dengeli
74,71000,medium,sell,Defansif
72,40000,long,hold,Dengeli
20,74000,medium,hold,Agresif
41,44000,medium,buy,Agresif
40,76000,medium,sell,Dengeli
25,60000,long,hold,Agresif
71,131000,medium,hold,Agresif
74,48000,long,sell,Defansif
64,59000,medium,sell,Defansif
54,38000,medium,hold,Dengeli
20,50000,long,buy,Agresif
68,17000,medium,buy,Agresif
50,61000,long,hold,Agresif
45,83000,long,hold,Agresif
64,59000,medium,sell,Defansif
25,17000,short,buy,Dengeli
51,29000,short,buy,Dengeli
52,17000,long,buy,Agresif
49,74000,long,hold,Agresif
41,24000,short,sell,Defansif
31,49000,short,buy,Agresif
49,46000,short,hold,Defansif
73,87000,long,sell,Dengeli
63,52000,medium,hold,Defansif
60,70000,medium,sell,Defansif
33,63000,medium,sell,Dengeli
21,83000,long,hold,Agresif
69,44000,medium,hold,Defansif
54,96000,medium,buy,Agresif
71,17000,short,sell,Defansif
38,71000,medium,sell,Dengeli
31,28000,long,sell,Dengeli
48,37000,long,sell,Dengeli
72,64000,short,sell,Defansif
65,64000,short,hold,Defansif
35,65000,short,hold,Agresif
24,17000,medium,hold,Dengeli
27,86000,long,buy,Agresif
24,27000,short,hold,Dengeli
50,30000,medium,sell,Defansif
40,65000,medium,sell,Dengeli
38,42000,short,buy,Agresif
36,57000,medium,hold,Agresif
65,17000,medium,buy,Dengeli
36,57000,medium,buy,Agresif
53,55000,long,buy,Agresif
46,37000,medium,buy,Agresif
35,17000,short,hold,Dengeli
19,44000,long,sell,Agresif
18,49000,medium,buy,Agresif
64,40000,long,hold,Dengeli
22,17000,short,sell,Defansif
37,89000,short,hold,Dengeli
28,34000,short,hold,Dengeli
59,44000,short,buy,Dengeli
19,17000,medium,hold,Dengeli
20,89000,long,sell,Agresif
40,38000,medium,buy,Agresif
72,52000,medium,buy,Dengeli
29,78000,medium,hold,Agresif
37,33000,short,sell,Defansif
22,74000,medium,hold,Agresif
54,17000,medium,hold,Dengeli
55,63000,long,sell,Dengeli
47,89000,long,sell,Dengeli
26,35000,medium,hold,Dengeli
51,77000,medium,hold,Agresif
70,95000,long,hold,Agresif
61,43000,long,sell,Defansif
52,41000,medium,hold,Dengeli
69,27000,long,hold,Dengeli
75,37000,short,sell,Defansif
39,29000,long,sell,Dengeli
61,27000,short,hold,Defansif
41,79000,medium,buy,Agresif
34,30000,long,hold,Agresif
27,56000,medium,sell,Dengeli
47,50000,medium,sell,Defansif
73,87000,medium,buy,Agresif
63,37000,long,sell,Defansif
40,59000,long,hold,Agresif
49,69000,long,hold,Agresif
34,87000,medium,sell,Dengeli
67,37000,long,buy,Agresif
68,34000,medium,hold,Dengeli
34,23000,medium,hold,Dengeli
31,105000,long,sell,Agresif
26,84000,medium,sell,Dengeli
57,48000,short,hold,Defansif
19,98000,short,hold,Dengeli
62,47000,short,sell,Defansif
42,68000,long,sell,Dengeli
56,50000,medium,sell,Defansif
26,59000,long,buy,Agresif
71,57000,medium,hold,Dengeli
39,39000,medium,buy,Agresif
60,77000,medium,sell,Defansif
63,67000,long,buy,Agresif
21,75000,medium,sell,Dengeli
43,58000,long,hold,Agresif
75,27000,medium,buy,Dengeli
46,92000,medium,sell,Dengeli
62,43000,medium,hold,Dengeli
51,59000,long,sell,Dengeli
40,65000,long,sell,Dengeli
54,58000,short,hold,Dengeli
28,72000,medium,hold,Dengeli
23,76000,medium,hold,Agresif
35,44000,long,hold,Agresif
38,90000,short,hold,Agresif
59,43000,long,sell,Defansif
53,58000,long,sell,Defansif
58,40000,short,buy,Dengeli
55,33000,long,sell,Defansif
51,76000,short,hold,Dengeli
34,128000,short,sell,Dengeli
54,40000,short,hold,Dengeli
42,80000,short,hold,Dengeli
55,41000,long,sell,Dengeli
75,49000,short,sell,Defansif
29,93000,medium,hold,Agresif
40,23000,short,hold,Dengeli
70,17000,medium,sell,Defansif
59,47000,short,hold,Defansif
39,66000,medium,sell,Defansif
38,61000,short,buy,Dengeli
44,59000,long,hold,Agresif
74,50000,long,sell,Defansif
48,69000,short,hold,Defansif
23,17000,long,hold,Agresif
44,31000,short,sell,Defansif
57,47000,short,hold,Defansif
51,67000,short,sell,Defansif
29,87000,medium,sell,Agresif
62,27000,medium,sell,Defansif
74,86000,long,hold,Dengeli
70,38000,medium,sell,Defansif
24,46000,long,hold,Agresif
27,64000,short,hold,Agresif
62,44000,long,hold,Agresif
34,77000,short,hold,Agresif
43,39000,short,buy,Agresif
38,40000,short,hold,Dengeli
45,76000,short,hold,Dengeli
75,30000,medium,sell,Defansif
63,56000,long,buy,Agresif
19,17000,short,sell,Defansif
71,95000,long,sell,Defansif
60,80000,medium,hold,Dengeli
18,118000,long,sell,Agresif
68,83000,short,sell,Defansif
70,21000,medium,hold,Defansif
53,66000,long,hold,Agresif
68,27000,medium,hold,Defansif
43,89000,medium,buy,Agresif
46,22000,short,sell,Defansif
38,21000,medium,sell,Defansif
28,17000,medium,hold,Dengeli
57,37000,long,sell,Defansif
28,32000,short,hold,Dengeli
53,18000,medium,sell,Defansif
66,99000,medium,hold,Dengeli
56,63000,medium,hold,Dengeli
57,60000,medium,hold,Dengeli
52,89000,long,hold,Agresif
71,56000,medium,hold,Dengeli
51,31000,long,sell,Defansif
72,17000,short,sell,Defansif
64,29000,short,sell,Defansif
41,87000,medium,hold,Agresif
71,18000,short,hold,Defansif
39,58000,short,hold,Dengeli
22,75000,short,sell,Dengeli
73,57000,long,hold,Dengeli
50,59000,short,buy,Agresif
75,66000,long,sell,Defansif
53,59000,short,sell,Defansif
64,90000,long,sell,Dengeli
37,23000,long,hold,Dengeli
36,56000,short,hold,Dengeli
52,17000,long,sell,Dengeli
69,17000,medium,hold,Defansif
60,47000,long,sell,Dengeli
34,63000,medium,hold,Agresif
62,90000,medium,hold,Agresif
60,110000,long,hold,Dengeli
51,82000,medium,sell,Defansif
26,68000,short,buy,Agresif
43,53000,long,hold,Agresif
19,17000,medium,sell,Dengeli
70,46000,medium,sell,Defansif
26,82000,short,hold,Agresif
26,72000,medium,buy,Agresif
57,17000,long,buy,Agresif
34,65000,medium,hold,Agresif
18,63000,medium,buy,Agresif
42,58000,medium,sell,Dengeli
60,49000,long,sell,Defansif
57,66000,medium,buy,Dengeli
59,67000,medium,hold,Dengeli
42,33000,long,hold,Dengeli
56,61000,medium,hold,Agresif
52,45000,short,buy,Agresif
20,17000,short,hold,Defansif
67,35000,medium,buy,Agresif
54,17000,short,hold,Defansif
61,74000,medium,sell,Defansif
61,58000,long,buy,Agresif
68,41000,short,sell,Defansif
47,85000,long,buy,Agresif
55,51000,medium,hold,Dengeli
51,17000,long,hold,Dengeli
29,39000,long,hold,Agresif
36,90000,short,sell,Defansif
54,33000,medium,sell,Defansif
61,56000,short,buy,Dengeli
66,68000,long,buy,Dengeli
34,64000,long,sell,Dengeli
27,111000,medium,buy,Agresif
74,20000,medium,buy,Defansif
72,23000,medium,hold,Defansif
66,21000,long,sell,Defansif
64,42000,medium,buy,Dengeli
29,77000,medium,hold,Agresif
33,24000,medium,buy,Agresif
41,77000,short,buy,Agresif
36,50000,long,buy,Agresif
25,22000,short,hold,Defansif
48,17000,medium,sell,Defansif
38,17000,short,sell,Defansif
34,33000,short,sell,Defansif
40,45000,medium,sell,Defansif
54,83000,long,hold,Agresif
71,69000,long,hold,Agresif
33,29000,short,buy,Agresif
23,60000,short,sell,Defansif
25,91000,long,hold,Agresif
42,96000,medium,sell,Dengeli
35,42000,short,sell,Defansif
42,73000,long,sell,Agresif
29,84000,long,hold,Agresif
32,17000,long,sell,Dengeli
43,37000,long,hold,Dengeli
58,105000,long,sell,Dengeli
62,42000,short,buy,Dengeli
43,17000,short,buy,Agresif
64,46000,medium,buy,Dengeli
49,78000,medium,buy,Agresif
27,50000,medium,buy,Agresif
33,67000,medium,buy,Agresif
24,73000,medium,hold,Agresif
34,41000,medium,sell,Defansif
40,37000,short,sell,Defansif
43,53000,medium,sell,Defansif
38,54000,medium,hold,Agresif
39,51000,long,hold,Agresif
75,52000,short,buy,Dengeli
24,31000,medium,buy,Agresif
31,68000,long,hold,Agresif
32,64000,medium,hold,Agresif
70,17000,short,buy,Defansif
24,40000,medium,sell,Dengeli
26,52000,medium,hold,Agresif
68,36000,long,sell,Defansif
65,65000,short,hold,Defansif
25,48000,medium,sell,Dengeli
67,54000,short,buy,Dengeli
40,39000,medium,hold,Dengeli
46,17000,medium,sell,Defansif
35,17000,medium,sell,Defansif
48,64000,medium,hold,Dengeli
47,56000,short,buy,Agresif
69,60000,medium,hold,Defansif
56,53000,medium,hold,Agresif
52,55000,medium,sell,Defansif
35,74000,long,hold,Agresif
59,61000,medium,hold,Dengeli
56,76000,medium,hold,Dengeli
34,54000,short,sell,Defansif
31,42000,medium,hold,Agresif
48,54000,long,hold,Dengeli
41,29000,medium,buy,Agresif
52,40000,long,buy,Agresif
61,54000,medium,hold,Dengeli
62,54000,long,hold,Agresif
51,47000,short,sell,Defansif
20,17000,long,buy,Agresif
54,65000,medium,hold,Dengeli
60,70000,medium,sell,Defansif
57,91000,medium,hold,Agresif
43,61000,medium,buy,Agresif
72,50000,long,sell,Defansif
40,24000,short,hold,Dengeli
61,87000,short,hold,Dengeli
56,56000,medium,sell,Defansif
32,54000,medium,sell,Defansif
73,43000,medium,buy,Agresif
66,42000,medium,buy,Agresif
21,67000,medium,sell,Dengeli
46,24000,long,buy,Agresif
39,90000,medium,hold,Agresif
42,85000,short,hold,Dengeli
30,41000,long,hold,Agresif
35,28000,medium,buy,Agresif
50,17000,medium,hold,Dengeli
33,18000,medium,sell,Defansif
62,68000,short,buy,Dengeli
59,57000,medium,hold,Dengeli
61,62000,long,sell,Defansif
19,17000,short,hold,Defansif
72,40000,medium,hold,Defansif
52,84000,long,buy,Agresif
59,47000,long,hold,Dengeli
51,18000,medium,sell,Defansif
47,47000,medium,hold,Agresif
72,30000,medium,hold,Defansif
30,58000,long,sell,Defansif
30,50000,long,hold,Agresif
35,63000,short,buy,Agresif
49,19000,medium,sell,Defansif
49,38000,medium,hold,Dengeli
52,77000,long,sell,Defansif
56,17000,medium,sell,Defansif
63,24000,medium,hold,Dengeli
69,54000,long,sell,Dengeli
46,57000,short,buy,Dengeli
66,37000,short,sell,Defansif
46,43000,medium,hold,Dengeli
70,63000,medium,sell,Defansif
61,71000,short,buy,Agresif
74,23000,short,hold,Defansif
33,59000,medium,hold,Agresif
73,87000,long,sell,Dengeli
61,47000,medium,hold,Dengeli
64,23000,medium,sell,Defansif
74,21000,medium,buy,Dengeli
27,45000,long,hold,Agresif
47,75000,long,hold,Agresif
42,48000,medium,hold,Dengeli
56,54000,short,hold,Defansif
37,25000,short,hold,Dengeli
22,74000,short,hold,Agresif
18,21000,medium,hold,Dengeli
47,37000,long,hold,Agresif
66,65000,long,hold,Dengeli
20,17000,medium,sell,Defansif
62,54000,long,buy,Agresif
31,24000,long,hold,Agresif
73,50000,medium,hold,Defansif
47,41000,medium,buy,Agresif
67,102000,long,sell,Defansif
21,40000,medium,buy,Agresif
35,96000,long,buy,Agresif
54,64000,long,buy,Dengeli
42,29000,medium,buy,Agresif
65,58000,long,hold,Dengeli
18,42000,long,sell,Dengeli
70,56000,medium,hold,Defansif
63,32000,medium,sell,Defansif
32,92000,short,sell,Dengeli
26,73000,medium,hold,Agresif
32,50000,medium,sell,Defansif
66,93000,short,buy,Dengeli
74,51000,short,buy,Dengeli
41,77000,short,buy,Agresif
21,50000,long,hold,Agresif
29,59000,long,buy,Agresif
75,47000,long,buy,Agresif
54,52000,medium,hold,Dengeli
54,54000,long,sell,Dengeli
60,33000,long,buy,Agresif
23,39000,medium,buy,Agresif
56,44000,medium,hold,Dengeli
73,55000,short,sell,Defansif
63,49000,long,hold,Agresif
41,79000,medium,sell,Dengeli
28,71000,medium,buy,Agresif
30,45000,medium,buy,Agresif
51,84000,medium,sell,Defansif
42,96000,medium,hold,Dengeli
24,17000,medium,sell,Defansif
69,73000,short,hold,Defansif
21,32000,long,sell,Dengeli
25,70000,medium,hold,Agresif
37,80000,medium,hold,Agresif
46,28000,medium,sell,Defansif
71,17000,medium,hold,Defansif
70,70000,medium,sell,Defansif
68,53000,medium,hold,Dengeli
62,17000,long,sell,Defansif
63,113000,long,hold,Agresif
27,65000,long,buy,Agresif
60,66000,short,buy,Dengeli
51,84000,medium,buy,Agresif
74,35000,long,buy,Agresif
43,53000,medium,sell,Dengeli
58,17000,short,sell,Defansif
66,34000,medium,hold,Defansif
75,59000,short,buy,Dengeli
20,17000,short,buy,Agresif
73,34000,long,sell,Defansif
23,26000,medium,hold,Agresif
22,53000,medium,sell,Dengeli
22,64000,long,hold,Agresif
71,68000,long,hold,Agresif
64,74000,medium,sell,Defansif
40,84000,medium,hold,Agresif
66,65000,long,hold,Dengeli
26,97000,long,hold,Agresif
52,52000,medium,sell,Dengeli
37,45000,long,buy,Agresif
75,65000,medium,hold,Defansif
66,44000,medium,buy,Dengeli
59,96000,medium,buy,Agresif
52,78000,medium,sell,Dengeli
67,68000,long,sell,Defansif
35,53000,medium,hold,Agresif
34,39000,short,sell,Defansif
41,67000,medium,buy,Agresif
20,21000,medium,hold,Dengeli
49,88000,medium,buy,Agresif
52,45000,medium,sell,Dengeli
55,57000,medium,sell,Defansif
30,27000,long,hold,Dengeli
73,68000,short,sell,Defansif
64,38000,medium,hold,Dengeli
42,66000,long,buy,Agresif
26,68000,medium,hold,Agresif
21,33000,medium,hold,Agresif
31,21000,long,sell,Dengeli
